Age,Income,Employment_Status,Loan_Amount,Existing_Debt,Credit_History,Number_of_Loans,Payment_History,Credit_Score_Value,Creditworthy
59,30287,Employed,32033,23125,Good,4,Delayed,691,0
49,59387,Self-Employed,27000,32588,Fair,2,Delayed,833,0
35,33512,Employed,13332,14614,Good,4,On-Time,403,0
63,26342,Self-Employed,5800,6255,Good,6,Delayed,362,0
28,88076,Employed,32538,11325,Good,3,On-Time,452,1
41,133872,Employed,33119,23193,Fair,2,Delayed,714,1
59,44216,Unemployed,11333,4617,Poor,4,On-Time,384,0
39,118070,Employed,8410,25229,Fair,5,On-Time,609,1
43,104767,Employed,20839,32682,Fair,6,On-Time,695,1
31,122829,Self-Employed,33519,29390,Good,6,On-Time,786,1
31,51614,Employed,8808,29840,Fair,5,On-Time,532,1
44,61258,Employed,9796,2018,Fair,4,On-Time,467,1
56,118789,Unemployed,24180,31449,Good,6,On-Time,790,1
60,67078,Employed,20709,23047,Good,2,Delayed,468,1
44,131288,Self-Employed,20543,16846,Good,4,On-Time,407,1
23,108524,Employed,40418,3100,Poor,4,Delayed,643,0
42,121573,Employed,32075,29767,Good,3,Delayed,715,1
22,37219,Employed,40755,27490,Fair,6,Delayed,723,0
44,25235,Employed,40465,16693,Good,6,On-Time,401,0
64,67929,Unemployed,33502,30609,Good,5,Defaulted,605,0
50,92444,Unemployed,19724,19733,Good,3,On-Time,701,1
58,33567,Employed,6828,16694,Good,3,On-Time,589,1
22,126834,Self-Employed,20087,1806,Fair,6,On-Time,611,1
41,95792,Employed,15605,4349,Fair,4,On-Time,772,1
53,90441,Employed,34337,12860,Good,3,Defaulted,343,0
32,109555,Employed,8482,29731,Fair,5,On-Time,630,1
42,98698,Employed,30005,19189,Good,3,Delayed,780,1
64,30415,Employed,25760,29584,Poor,5,Delayed,527,0
45,61159,Self-Employed,8463,9780,Good,3,On-Time,757,1
47,68925,Employed,7912,3142,Good,5,On-Time,655,1
62,30951,Employed,7648,14796,Good,3,On-Time,741,1
48,112388,Employed,36623,15938,Good,3,On-Time,640,1
36,33007,Employed,38634,3494,Good,2,On-Time,816,1
35,66832,Self-Employed,6112,34539,Fair,5,Defaulted,482,0
67,83596,Employed,25054,2313,Poor,5,Defaulted,484,0
64,55523,Employed,7492,27991,Fair,5,On-Time,614,1
23,113861,Employed,25207,19345,Good,1,On-Time,361,1
57,111740,Employed,18114,13818,Good,3,Delayed,604,1
27,40524,Employed,37285,17700,Good,5,On-Time,706,1
41,44282,Employed,19018,582,Good,6,Delayed,457,0
29,48930,Self-Employed,24386,2420,Fair,1,On-Time,506,1
59,25077,Self-Employed,20740,12183,Good,2,On-Time,750,1
38,130881,Employed,11210,11836,Good,5,Delayed,735,1
24,45611,Employed,15743,16096,Good,5,On-Time,745,1
45,41984,Employed,9588,2593,Poor,1,Defaulted,735,0
34,39060,Employed,6311,13405,Good,3,Defaulted,345,0
29,107985,Employed,25432,24851,Good,6,On-Time,690,1
46,109056,Employed,36755,31481,Good,2,On-Time,704,1
22,68303,Employed,6321,8867,Good,5,Defaulted,375,0
40,84207,Employed,18812,5785,Good,3,Defaulted,572,0
48,100046,Employed,40383,17253,Good,6,On-Time,425,1
67,54287,Employed,16146,18985,Fair,6,Delayed,449,0
27,118709,Employed,16654,13477,Good,2,On-Time,695,1
64,64711,Employed,38820,20374,Fair,4,On-Time,627,1
28,36954,Employed,3726,8174,Poor,6,Delayed,410,0
67,98340,Self-Employed,6760,29538,Fair,4,On-Time,712,1
55,97101,Employed,25190,29815,Good,6,Defaulted,429,0
34,96520,Unemployed,4875,4176,Good,2,On-Time,659,1
37,112062,Employed,26377,2926,Fair,1,On-Time,675,1
56,127974,Self-Employed,7033,24973,Fair,2,On-Time,487,1
60,43574,Employed,41211,3462,Good,2,On-Time,771,1
24,34184,Self-Employed,20373,30443,Fair,1,Delayed,424,0
22,44096,Self-Employed,6744,1359,Good,1,On-Time,469,1
26,92728,Employed,27995,4638,Good,3,On-Time,465,1
62,59016,Employed,19977,26140,Good,6,On-Time,618,1
24,36246,Employed,35402,10909,Good,3,On-Time,486,0
49,70558,Employed,37542,4517,Good,1,Delayed,367,0
38,43381,Employed,13651,10951,Fair,4,On-Time,558,1
46,61455,Employed,36703,28827,Good,4,On-Time,326,0
64,117263,Employed,16395,10778,Good,2,On-Time,783,1
54,29018,Employed,32808,25444,Good,5,On-Time,772,1
30,36302,Self-Employed,39576,1634,Good,2,On-Time,690,1
56,92506,Employed,19715,30631,Good,2,On-Time,806,1
34,66157,Unemployed,27306,23020,Fair,5,On-Time,530,0
51,79917,Employed,22086,22369,Fair,6,Delayed,484,0
35,117738,Employed,17376,5539,Fair,1,Delayed,444,1
28,121646,Employed,8889,21781,Fair,4,On-Time,656,1
34,108122,Employed,40822,10942,Good,2,On-Time,511,1
43,49519,Self-Employed,39636,8752,Good,5,On-Time,533,1
60,121809,Employed,23584,28086,Good,3,On-Time,647,1
41,112487,Self-Employed,37610,18068,Good,2,On-Time,700,1
36,81819,Employed,13058,21310,Poor,4,On-Time,558,1
65,105910,Employed,12101,2051,Good,1,On-Time,401,1
38,96324,Employed,15497,13125,Good,2,On-Time,682,1
67,30408,Employed,7658,34897,Poor,2,On-Time,824,1
44,84379,Employed,14381,26749,Poor,6,On-Time,521,1
46,50053,Employed,43312,1861,Fair,5,On-Time,823,1
45,34446,Employed,43486,26649,Good,3,On-Time,356,0
65,25922,Employed,20154,4870,Good,3,On-Time,721,1
61,123723,Employed,22539,5783,Good,1,On-Time,495,1
49,76356,Employed,14777,8110,Good,4,On-Time,786,1
35,35789,Employed,37396,15424,Good,1,On-Time,520,1
65,122720,Employed,33373,11126,Good,2,On-Time,713,1
21,91656,Employed,36154,1369,Poor,2,On-Time,361,0
45,69028,Employed,9031,32052,Good,3,On-Time,712,1
27,89484,Employed,30997,1514,Fair,4,On-Time,760,1
29,57154,Employed,9439,10603,Fair,5,Delayed,825,1
44,107870,Employed,25785,17486,Good,4,On-Time,639,1
21,27336,Self-Employed,16392,30971,Fair,2,On-Time,534,0
64,128677,Employed,31669,33958,Good,5,Delayed,390,0
28,92779,Employed,31939,25569,Good,4,On-Time,555,1
44,44029,Employed,5282,17373,Fair,4,On-Time,600,1
31,84201,Employed,37624,23748,Good,5,Delayed,481,0
37,57265,Employed,27364,24124,Poor,2,Delayed,510,0
28,127916,Employed,4998,29561,Good,4,On-Time,328,1
55,137250,Self-Employed,34705,24670,Fair,5,On-Time,379,1
55,68872,Employed,41244,8524,Good,6,On-Time,544,1
53,71197,Employed,12428,17178,Good,6,On-Time,606,1
25,80180,Employed,40437,20911,Good,2,On-Time,488,1
62,48710,Employed,15336,19796,Fair,5,On-Time,381,0
59,54486,Employed,12342,26793,Fair,6,On-Time,668,1
61,96907,Employed,42832,27672,Fair,5,Defaulted,761,0
48,96895,Employed,10446,21628,Good,4,Defaulted,333,0
27,89435,Unemployed,41392,18757,Fair,2,On-Time,483,0
29,65631,Employed,10461,13355,Fair,6,On-Time,739,1
28,126532,Employed,37587,20142,Fair,4,On-Time,839,1
32,45103,Employed,13516,20525,Good,1,Delayed,347,0
54,89772,Employed,16749,4958,Fair,1,On-Time,765,1
53,39382,Employed,20514,5807,Fair,2,On-Time,527,1
43,109291,Employed,38426,18925,Good,6,On-Time,789,1
44,126195,Self-Employed,39268,28773,Fair,6,On-Time,423,1
57,28756,Self-Employed,27950,6168,Fair,6,On-Time,745,1
55,45609,Employed,37888,26434,Good,5,Delayed,420,0
64,139074,Self-Employed,39788,8197,Good,4,Delayed,425,1
60,41478,Employed,13213,24917,Good,6,On-Time,596,1
42,125978,Employed,39027,16946,Good,4,On-Time,384,1
47,64666,Employed,31011,11251,Fair,2,On-Time,507,1
55,100683,Unemployed,37591,7852,Good,6,Delayed,636,0
21,124097,Employed,20858,14016,Fair,2,Defaulted,457,0
55,125420,Employed,21626,23799,Poor,6,Defaulted,662,0
57,96315,Employed,16467,32457,Good,1,Delayed,424,0
67,102834,Employed,42758,29427,Poor,3,On-Time,699,0
34,39153,Employed,6134,29993,Poor,2,On-Time,429,0
23,134415,Employed,19743,27211,Fair,6,On-Time,673,1
21,101325,Employed,18434,8503,Fair,3,Defaulted,636,1
25,134701,Employed,13233,32207,Poor,2,On-Time,585,1
46,37999,Employed,4141,3778,Fair,5,On-Time,384,1
34,80318,Employed,21019,7796,Good,6,Delayed,652,1
59,25814,Employed,23384,25898,Fair,5,On-Time,832,1
47,101077,Employed,39129,13761,Fair,1,On-Time,452,1
29,115474,Employed,25967,11673,Fair,6,Delayed,815,1
35,27443,Employed,43603,30949,Good,1,On-Time,688,1
35,100993,Employed,14172,2137,Fair,3,On-Time,418,1
46,100916,Unemployed,19390,32281,Good,2,Delayed,636,0
62,98319,Employed,6267,14152,Poor,4,On-Time,442,1
33,134777,Employed,42332,5603,Good,1,Defaulted,639,1
52,42368,Employed,29167,26000,Good,4,On-Time,814,1
59,40328,Employed,24312,18952,Good,4,On-Time,776,1
52,81942,Employed,30840,31674,Good,2,Delayed,839,1
24,116751,Employed,21990,16454,Fair,3,On-Time,634,1
50,124131,Employed,8906,17686,Poor,2,On-Time,798,1
57,52306,Employed,43379,12856,Fair,6,Delayed,339,0
43,110451,Unemployed,20297,33463,Good,1,On-Time,449,0
59,64915,Self-Employed,5011,2687,Good,4,On-Time,612,1
65,62219,Employed,14738,12207,Fair,2,On-Time,451,1
35,105879,Employed,31797,27435,Poor,2,On-Time,675,1
63,136939,Self-Employed,14120,21725,Good,2,On-Time,373,1
49,89644,Employed,11767,4106,Good,1,On-Time,706,1
56,85279,Employed,25852,33328,Good,3,Delayed,584,1
33,78028,Unemployed,16703,26989,Poor,2,Defaulted,534,0
52,129263,Employed,3929,14887,Fair,1,On-Time,779,1
27,25126,Employed,14951,4427,Good,4,On-Time,777,1
42,77329,Unemployed,29039,6796,Good,6,On-Time,362,0
48,52632,Employed,32504,30944,Poor,5,On-Time,597,0
22,132099,Employed,20438,3091,Good,1,Delayed,449,1
62,90310,Employed,8744,26647,Good,5,Delayed,669,1
65,134945,Self-Employed,21284,1700,Fair,2,Delayed,425,0
26,80176,Self-Employed,42748,16221,Good,2,On-Time,320,0
48,111066,Self-Employed,10069,19738,Good,1,On-Time,751,1
48,130500,Employed,22799,11587,Fair,5,On-Time,625,1
64,69327,Self-Employed,36210,31316,Poor,2,On-Time,372,0
64,93904,Self-Employed,31226,23908,Fair,4,On-Time,839,1
40,28797,Employed,7652,636,Poor,3,Defaulted,649,0
50,72882,Unemployed,27323,17913,Fair,3,On-Time,644,0
31,38718,Self-Employed,10597,19478,Fair,2,Delayed,433,0
48,59560,Employed,40226,1161,Good,5,On-Time,466,1
45,101589,Employed,9591,27753,Fair,6,On-Time,485,1
59,47116,Employed,28833,27384,Poor,2,On-Time,698,0
53,61244,Employed,14826,33354,Good,6,On-Time,458,0
21,126721,Employed,29417,11204,Good,6,On-Time,618,1
47,26645,Employed,21693,25027,Good,5,On-Time,595,1
33,72523,Self-Employed,17138,16822,Good,6,Delayed,497,1
61,44256,Unemployed,5169,7468,Good,4,On-Time,673,1
23,126376,Self-Employed,21556,28018,Fair,5,On-Time,473,1
59,125158,Employed,25052,28386,Poor,2,Delayed,520,0
26,78173,Employed,9313,2200,Good,4,Delayed,434,1
28,62430,Employed,11315,28746,Good,1,Delayed,387,0
47,64282,Employed,11036,23699,Good,3,On-Time,764,1
29,88374,Self-Employed,34778,32615,Poor,2,Defaulted,764,0
57,93244,Unemployed,30734,6020,Good,2,On-Time,645,1
53,36694,Employed,26173,21429,Good,2,On-Time,678,1
62,81264,Self-Employed,33403,15455,Good,4,On-Time,464,1
64,100060,Self-Employed,3785,14417,Good,1,On-Time,594,1
44,122416,Employed,9139,5257,Good,5,On-Time,828,1
35,82545,Self-Employed,9344,13545,Poor,1,On-Time,498,1
52,64224,Employed,21800,5233,Fair,4,On-Time,796,1
52,127516,Employed,28372,31454,Fair,2,On-Time,733,1
44,122945,Employed,23538,31635,Good,3,On-Time,472,1
61,38224,Employed,17973,7581,Fair,2,Delayed,423,0
32,65738,Employed,8619,24001,Fair,5,Defaulted,394,0
59,50150,Employed,37704,21613,Good,6,On-Time,447,0
22,88731,Employed,39575,34941,Fair,3,Delayed,664,0
23,74688,Employed,42919,25190,Good,2,Delayed,478,0
57,124929,Employed,30716,29845,Fair,3,On-Time,745,1
37,133618,Employed,6236,27329,Good,6,On-Time,342,1
22,98509,Employed,18848,4130,Poor,1,Delayed,366,0
22,33577,Employed,5352,32370,Good,4,Defaulted,463,0
48,33070,Employed,4932,3953,Fair,2,On-Time,738,1
43,33666,Employed,13913,8828,Fair,5,On-Time,404,1
57,82761,Employed,11556,16034,Fair,1,On-Time,735,1
52,61368,Employed,24300,20244,Good,2,On-Time,801,1
53,31783,Self-Employed,8498,19889,Good,1,Delayed,775,0
21,136530,Employed,13582,15165,Fair,5,Delayed,616,1
39,66914,Employed,12569,9140,Good,2,On-Time,431,1
22,95507,Unemployed,7857,26021,Good,6,Delayed,549,0
64,104026,Self-Employed,3340,30549,Fair,6,On-Time,415,1
46,136255,Self-Employed,19766,6118,Good,5,Defaulted,697,1
52,135616,Self-Employed,29132,2420,Good,3,On-Time,475,1
26,92526,Employed,11491,4688,Good,5,On-Time,740,1
52,95835,Employed,3138,12707,Good,3,On-Time,424,1
24,70765,Employed,3358,738,Fair,2,On-Time,649,1
31,44956,Employed,12714,33472,Fair,3,On-Time,758,1
37,112895,Employed,22840,11299,Fair,2,On-Time,451,1
58,71240,Employed,37395,6052,Poor,2,On-Time,701,1
44,62148,Employed,33654,29416,Good,4,Delayed,457,0
25,119270,Self-Employed,28879,5427,Good,2,On-Time,589,1
54,29757,Self-Employed,18996,28464,Good,3,On-Time,715,1
26,44097,Employed,40772,11664,Good,4,On-Time,783,1
42,35395,Self-Employed,29762,19571,Poor,4,Delayed,769,0
31,41241,Employed,16283,6660,Good,2,On-Time,650,1
36,128892,Self-Employed,42420,16310,Good,5,Defaulted,572,0
53,52696,Employed,22554,5626,Good,5,Delayed,604,1
29,95480,Unemployed,23219,30509,Fair,6,On-Time,593,1
26,71163,Employed,37919,34084,Fair,4,On-Time,339,0
36,44816,Employed,12429,25896,Good,2,On-Time,558,1
49,74840,Employed,42673,692,Poor,5,On-Time,589,1
23,127547,Employed,22218,13316,Good,2,Delayed,737,1
40,77853,Employed,15452,32630,Good,2,Defaulted,629,0
56,49917,Employed,21951,31198,Poor,4,On-Time,350,0
39,121731,Employed,4307,11155,Good,6,On-Time,423,1
46,46566,Employed,17852,30575,Poor,4,Delayed,505,0
23,100452,Employed,28232,9859,Poor,1,On-Time,447,1
39,87823,Unemployed,38428,33772,Fair,5,On-Time,529,0
40,45806,Employed,29485,15171,Fair,5,On-Time,733,1
52,100520,Employed,13238,27548,Good,5,On-Time,600,1
27,26759,Employed,41975,11238,Poor,3,Delayed,572,0
61,66949,Self-Employed,4140,26463,Good,2,On-Time,338,1
53,117374,Employed,27842,7273,Fair,4,On-Time,455,1
60,27482,Unemployed,29421,30394,Poor,5,Defaulted,542,0
59,49442,Self-Employed,4708,1217,Poor,1,On-Time,322,0
38,58719,Employed,6630,12176,Fair,5,Delayed,555,1
60,83066,Employed,22595,4934,Good,6,On-Time,784,1
21,118501,Self-Employed,13485,29600,Poor,2,On-Time,547,1
31,27079,Self-Employed,31308,5494,Fair,2,Defaulted,818,0
48,27717,Employed,29086,4734,Poor,4,On-Time,458,0
45,84676,Employed,19859,4264,Fair,3,On-Time,595,1
43,52952,Self-Employed,10684,23685,Good,4,On-Time,610,1
51,111444,Employed,28552,12499,Good,5,On-Time,372,1
50,67460,Self-Employed,4207,3081,Fair,6,On-Time,429,1
62,115397,Employed,4960,3263,Fair,1,Delayed,323,0
55,97847,Employed,3557,27874,Good,4,Defaulted,366,0
27,118607,Self-Employed,32689,11031,Fair,3,Defaulted,413,0
36,114106,Employed,16893,25807,Good,4,On-Time,532,1
46,43449,Employed,35272,31335,Fair,2,On-Time,755,1
22,58536,Employed,3882,11564,Good,5,On-Time,827,1
21,89077,Employed,40529,11812,Good,5,Delayed,524,1
32,63258,Employed,41635,6976,Good,5,On-Time,700,1
25,73302,Employed,32535,25065,Good,5,On-Time,392,0
57,53865,Employed,15869,2882,Good,5,Delayed,835,1
52,31645,Self-Employed,10166,22963,Good,5,On-Time,395,0
29,63000,Employed,15982,33902,Good,1,On-Time,396,0
61,51737,Employed,43697,26845,Poor,3,Defaulted,729,0
55,36485,Employed,41115,27446,Poor,5,Defaulted,425,0
39,63565,Self-Employed,10269,14662,Good,3,On-Time,795,1
36,50522,Self-Employed,31064,8897,Poor,6,On-Time,594,0
23,90155,Employed,16527,22835,Good,5,Defaulted,407,0
40,80168,Employed,5454,14894,Fair,4,On-Time,396,1
44,77487,Employed,23878,27697,Fair,5,On-Time,396,1
53,37342,Self-Employed,15991,22510,Good,2,On-Time,761,1
44,65806,Self-Employed,5808,24623,Good,1,On-Time,564,1
31,73770,Employed,42410,22887,Good,4,On-Time,701,1
28,103623,Self-Employed,39593,3390,Good,4,On-Time,461,1
56,128177,Self-Employed,39304,28269,Fair,2,On-Time,687,1
58,124785,Employed,33386,8526,Good,5,On-Time,403,1
60,100629,Employed,6802,3806,Good,1,Defaulted,462,0
40,77603,Employed,31753,34165,Good,4,Delayed,671,0
55,137726,Employed,24083,9777,Good,1,Delayed,471,1
45,106974,Self-Employed,21354,15183,Good,4,On-Time,477,1
55,130947,Employed,25190,1170,Good,5,On-Time,765,1
45,51399,Employed,9142,24175,Poor,6,On-Time,622,1
49,110382,Employed,31398,18389,Good,4,Defaulted,769,1
38,106244,Employed,44862,13506,Good,6,On-Time,543,1
66,134575,Employed,36132,27031,Fair,4,On-Time,362,1
38,135904,Employed,22503,22139,Good,3,Delayed,583,1
22,101534,Employed,37631,17133,Fair,5,On-Time,322,1
55,80106,Employed,19499,3939,Fair,2,On-Time,587,1
36,137599,Employed,42852,32672,Good,6,Defaulted,335,0
61,55678,Employed,11016,12077,Good,2,Delayed,653,1
56,101218,Employed,5384,12263,Good,5,On-Time,783,1
53,88230,Employed,18072,20676,Good,2,Defaulted,378,0
24,139684,Employed,39703,24755,Good,5,Delayed,496,0
53,99055,Employed,17482,20496,Good,2,Delayed,382,1
34,81373,Employed,43510,21562,Good,6,On-Time,626,1
41,56480,Employed,24826,12205,Good,3,On-Time,565,1
40,110230,Self-Employed,5490,28547,Fair,2,On-Time,608,1
28,93836,Employed,28518,11466,Fair,6,Delayed,651,1
27,97258,Employed,27045,17874,Good,4,On-Time,574,1
23,64986,Self-Employed,29910,11638,Good,5,On-Time,829,1
37,49160,Employed,27566,16435,Poor,1,On-Time,782,1
53,110595,Employed,36905,989,Fair,1,Delayed,518,1
32,126358,Self-Employed,30103,22760,Poor,5,On-Time,590,0
42,104111,Self-Employed,39188,26569,Good,3,On-Time,383,1
42,89929,Employed,8845,19775,Fair,2,On-Time,549,1
66,98506,Employed,24162,33321,Good,3,On-Time,568,1
50,59911,Employed,39674,17499,Good,1,Delayed,565,0
58,112127,Employed,22337,34222,Good,6,Delayed,476,0
58,56821,Employed,25313,11125,Good,5,On-Time,407,1
65,100039,Employed,29943,2129,Good,5,On-Time,632,1
28,85535,Employed,15413,11473,Good,3,Delayed,385,1
47,138453,Employed,3276,7359,Fair,6,On-Time,339,1
47,109458,Self-Employed,20611,22339,Poor,3,On-Time,352,0
54,37175,Employed,42105,27716,Good,2,Defaulted,392,0
41,79771,Employed,14944,19445,Good,4,On-Time,662,1
50,131660,Employed,18906,7039,Good,6,Defaulted,452,0
53,111925,Employed,23536,34125,Fair,4,On-Time,374,1
48,138374,Employed,30810,5386,Good,2,On-Time,380,1
67,91358,Employed,15306,7985,Poor,4,On-Time,839,1
53,42327,Employed,13503,31955,Good,1,Defaulted,591,0
25,72057,Employed,22225,17267,Good,4,On-Time,565,1
39,31150,Employed,39976,28953,Fair,2,On-Time,495,0
24,29425,Employed,14590,11244,Fair,4,Defaulted,636,0
55,41032,Employed,13886,12726,Good,5,On-Time,450,1
37,27198,Employed,15866,28369,Good,3,On-Time,421,0
64,85500,Unemployed,4088,23088,Poor,1,On-Time,629,1
48,78394,Employed,6363,13940,Good,5,Delayed,611,1
50,45079,Employed,35792,32209,Poor,5,On-Time,814,1
49,61220,Employed,12764,22995,Good,2,On-Time,680,1
66,66874,Employed,23620,1422,Fair,3,On-Time,657,1
26,38859,Unemployed,15935,28026,Fair,3,On-Time,329,0
55,75460,Employed,11068,8457,Good,6,Defaulted,368,0
61,56419,Self-Employed,10295,34498,Poor,1,Defaulted,806,0
57,33705,Employed,44160,24531,Good,2,Delayed,640,0
44,67880,Employed,14390,10506,Good,1,Delayed,452,1
49,48236,Employed,44216,26439,Fair,6,Delayed,402,0
66,112955,Self-Employed,23131,20824,Good,4,On-Time,376,1
51,110514,Employed,32218,23367,Fair,5,Delayed,695,1
55,128145,Employed,13433,703,Good,1,On-Time,668,1
53,40358,Unemployed,18038,17044,Good,5,On-Time,590,0
41,124713,Employed,31182,16399,Good,2,Delayed,802,1
52,119914,Employed,14528,29563,Good,4,On-Time,430,1
43,127870,Employed,24281,25844,Good,2,Delayed,395,1
53,101918,Unemployed,11605,4248,Fair,4,On-Time,477,1
23,39596,Employed,37782,1593,Poor,4,On-Time,648,0
38,58572,Self-Employed,4381,15728,Fair,5,On-Time,441,1
45,103757,Self-Employed,4098,21384,Good,2,On-Time,360,1
62,26279,Employed,22810,25683,Good,2,Delayed,486,0
51,88197,Employed,27322,16534,Good,1,On-Time,342,1
23,136496,Employed,44869,6210,Good,2,On-Time,598,1
60,87516,Employed,35955,19759,Good,1,On-Time,788,1
66,32083,Self-Employed,13207,33957,Good,3,On-Time,719,1
44,134397,Self-Employed,24793,20643,Good,3,On-Time,328,1
52,42771,Employed,5092,2603,Poor,3,Defaulted,332,0
67,54975,Employed,31220,865,Good,6,On-Time,371,1
42,70648,Employed,21514,16603,Good,2,Delayed,528,1
43,73285,Employed,41010,33010,Good,6,Delayed,721,0
22,44063,Employed,11549,24976,Good,2,On-Time,510,1
47,92642,Employed,25031,13242,Poor,1,Delayed,370,0
62,115093,Employed,8185,12891,Good,6,Delayed,712,1
22,139390,Employed,18271,29401,Good,6,On-Time,619,1
46,111143,Employed,8776,32501,Good,6,On-Time,515,1
37,62599,Employed,15449,16123,Good,4,On-Time,736,1
60,76920,Employed,27297,2878,Good,1,Defaulted,739,1
53,53529,Self-Employed,43591,21872,Fair,3,Defaulted,675,0
29,60954,Employed,18717,31246,Fair,1,Delayed,467,0
63,52856,Unemployed,43123,28423,Fair,4,On-Time,684,0
59,27573,Self-Employed,42233,10367,Good,2,On-Time,683,1
49,103344,Employed,13350,34224,Fair,1,On-Time,721,1
62,60367,Self-Employed,33622,9806,Good,6,On-Time,811,1
46,127337,Employed,38323,15408,Good,3,On-Time,548,1
55,131732,Employed,5951,27581,Fair,3,Defaulted,587,0
45,124608,Employed,20622,23886,Good,2,Defaulted,724,1
44,85774,Employed,7727,28802,Good,1,Delayed,330,0
33,48752,Employed,41454,19712,Fair,4,On-Time,639,1
27,80029,Employed,39469,11198,Good,2,On-Time,445,1
56,42685,Employed,38548,5094,Fair,1,On-Time,625,1
65,76693,Employed,26782,26025,Good,5,Delayed,830,1
40,80961,Employed,31454,14782,Poor,3,Delayed,408,0
21,131937,Self-Employed,5368,14834,Poor,4,On-Time,674,1
28,101908,Employed,18592,29679,Poor,6,On-Time,671,1
66,99532,Employed,25173,7144,Good,4,On-Time,333,1
36,106994,Self-Employed,36204,33433,Good,6,On-Time,576,1
34,81133,Employed,38596,34187,Good,4,On-Time,528,1
32,122425,Employed,37324,17875,Good,3,On-Time,600,1
43,86268,Employed,26864,31426,Good,6,On-Time,762,1
35,117201,Employed,33750,18142,Fair,1,Delayed,708,1
48,63243,Unemployed,13576,24493,Good,6,On-Time,802,1
54,82384,Employed,19566,21688,Poor,2,On-Time,466,0
22,56653,Unemployed,10190,33096,Good,1,On-Time,598,0
52,51657,Employed,26071,28272,Good,2,On-Time,753,1
43,64952,Employed,41333,31357,Good,4,On-Time,463,1
42,47180,Employed,18369,11276,Poor,1,On-Time,608,1
45,122432,Employed,27035,33335,Fair,4,On-Time,705,1
42,103411,Employed,4589,10288,Fair,5,On-Time,333,1
42,26622,Self-Employed,28235,6160,Poor,4,Delayed,576,0
62,73756,Self-Employed,3159,4978,Good,4,On-Time,665,1
26,65809,Employed,15145,8710,Good,2,Delayed,664,1
35,41725,Unemployed,18373,11422,Good,6,On-Time,719,0
63,86396,Self-Employed,34921,33840,Fair,5,On-Time,526,0
57,76226,Employed,42323,19142,Good,4,On-Time,491,0
53,131296,Employed,19237,11594,Good,4,On-Time,783,1
28,106182,Employed,44971,22923,Poor,5,Defaulted,589,0
64,107565,Employed,11244,33918,Poor,5,Delayed,540,0
64,54402,Employed,17743,6241,Fair,1,Defaulted,471,0
25,29263,Employed,34566,7338,Fair,2,Defaulted,502,0
59,121523,Self-Employed,21691,3762,Fair,5,On-Time,718,1
24,71828,Employed,36996,5496,Good,5,On-Time,391,1
26,72924,Employed,8590,22664,Good,3,On-Time,737,1
65,99182,Unemployed,8585,30757,Fair,6,Defaulted,602,0
52,118065,Self-Employed,12227,14711,Fair,5,Delayed,393,0
50,84052,Employed,31278,30953,Good,2,On-Time,674,1
67,36664,Self-Employed,41814,5732,Poor,6,Delayed,816,0
55,60737,Employed,15237,2717,Good,6,On-Time,647,1
60,126332,Employed,18649,24729,Good,4,On-Time,766,1
36,114563,Employed,40713,14732,Fair,4,On-Time,692,1
33,54373,Employed,10927,26113,Good,4,Delayed,681,1
62,61397,Employed,10016,14526,Good,4,Delayed,412,1
50,111145,Employed,17027,29054,Good,3,On-Time,640,1
39,126371,Employed,27142,31408,Fair,5,On-Time,643,1
37,63709,Employed,26545,20110,Good,4,On-Time,703,1
39,86120,Employed,34897,7531,Fair,1,Delayed,665,1
48,44250,Self-Employed,6167,26015,Fair,4,On-Time,422,0
46,46172,Employed,29917,1070,Good,5,On-Time,534,1
57,36555,Employed,25736,32754,Poor,4,On-Time,511,0
46,112410,Employed,30990,19788,Good,3,On-Time,513,1
43,103617,Employed,17087,13788,Poor,2,On-Time,699,1
29,78276,Employed,25440,30377,Good,2,Delayed,722,0
32,82492,Self-Employed,38205,19389,Poor,5,On-Time,330,0
21,78002,Employed,18275,1417,Good,2,Delayed,506,1
21,114599,Employed,8276,10566,Good,2,On-Time,334,1
67,97355,Employed,44627,30004,Good,1,On-Time,616,1
54,116248,Employed,43586,7482,Good,5,On-Time,730,1
52,49762,Employed,40496,18562,Fair,5,Delayed,371,0
45,36046,Employed,22008,17499,Good,2,Defaulted,347,0
60,121999,Employed,8738,10441,Fair,2,Defaulted,336,0
65,53769,Employed,35402,23970,Good,2,On-Time,670,1
21,78302,Employed,8793,21633,Good,6,On-Time,747,1
36,48150,Employed,40291,5029,Fair,3,Delayed,548,0
59,93247,Self-Employed,8571,18019,Good,4,Delayed,529,1
25,29853,Self-Employed,34331,12692,Fair,3,On-Time,750,1
42,119613,Self-Employed,19209,9066,Fair,5,Delayed,613,1
49,114399,Employed,28394,7726,Fair,1,On-Time,423,1
23,46792,Employed,28682,21759,Good,4,On-Time,523,0
32,84129,Employed,5224,34587,Fair,1,On-Time,372,1
46,131019,Employed,44157,1641,Poor,6,On-Time,694,1
36,99478,Employed,35441,5127,Fair,5,On-Time,373,1
57,138811,Employed,44430,3190,Good,6,On-Time,595,1
42,139130,Employed,42129,3755,Fair,5,On-Time,654,1
49,92298,Unemployed,37716,5713,Fair,1,On-Time,350,0
34,56987,Employed,29586,19904,Fair,1,On-Time,454,0
48,40850,Employed,26478,25880,Good,1,Delayed,377,0
25,37112,Employed,9318,26020,Good,5,On-Time,424,0
67,49058,Self-Employed,31694,19673,Fair,2,On-Time,585,0
50,70420,Employed,23180,24489,Good,1,On-Time,815,1
66,63890,Employed,15180,25019,Fair,6,Defaulted,572,0
25,91017,Employed,36002,22939,Good,4,On-Time,614,1
32,72304,Employed,18372,11913,Good,5,On-Time,477,1
36,57921,Employed,32796,15495,Good,6,On-Time,386,0
46,130921,Self-Employed,27427,24059,Good,3,Delayed,618,1
46,26524,Employed,36290,24013,Poor,3,On-Time,782,1
41,125424,Employed,31099,5521,Poor,4,On-Time,420,1
59,40048,Employed,12821,32964,Fair,2,On-Time,375,0
56,60111,Employed,8832,21619,Good,1,On-Time,651,1
53,62904,Employed,15820,29799,Fair,5,Delayed,712,0
50,79912,Employed,19211,26017,Fair,6,Delayed,700,1
57,59008,Employed,42890,13617,Fair,1,On-Time,411,0
43,25060,Employed,8842,22750,Good,6,Delayed,766,0
30,99666,Employed,4316,19450,Fair,5,On-Time,428,1
25,108559,Employed,20508,17859,Fair,3,On-Time,636,1
56,80337,Employed,25005,24096,Poor,1,Delayed,487,0
54,135616,Self-Employed,18206,26030,Good,4,On-Time,754,1
51,38350,Employed,21971,1762,Fair,2,Delayed,761,1
30,49354,Employed,28599,23115,Fair,4,On-Time,537,0
39,70186,Self-Employed,25056,3827,Good,2,On-Time,541,1
52,53145,Employed,4378,30268,Good,6,On-Time,597,1
21,59020,Self-Employed,4519,29350,Good,1,On-Time,785,1
25,111123,Employed,25161,17348,Good,1,Delayed,349,1
65,131667,Unemployed,43703,15660,Good,2,On-Time,678,1
24,100186,Employed,41861,34498,Fair,3,Delayed,607,0
36,110469,Employed,8355,27730,Fair,5,On-Time,405,1
44,45581,Employed,12083,9576,Fair,4,On-Time,553,1
36,113929,Unemployed,41342,4305,Poor,6,Defaulted,632,0
22,48051,Self-Employed,23456,31585,Good,4,Delayed,684,0
48,76474,Employed,16324,15215,Good,4,On-Time,588,1
52,116748,Employed,5257,6250,Fair,6,Delayed,450,1
47,139618,Unemployed,30364,13732,Good,6,On-Time,670,1
40,94626,Employed,27972,7453,Good,1,On-Time,499,1
44,31960,Self-Employed,29654,32593,Good,4,On-Time,799,1
32,60772,Self-Employed,18233,26000,Good,5,Defaulted,482,0
55,46520,Employed,18887,22918,Fair,5,On-Time,415,0
53,74481,Employed,32320,34814,Good,2,Delayed,829,1
53,61408,Employed,23808,22949,Good,6,On-Time,684,1
63,119006,Employed,33154,17978,Good,1,Delayed,672,1
57,82134,Self-Employed,37773,25838,Fair,5,On-Time,755,1
32,45491,Employed,30747,27399,Good,3,Delayed,402,0
23,26341,Self-Employed,13860,4645,Fair,1,On-Time,544,0
21,69623,Employed,21156,32601,Good,1,Delayed,731,0
53,115327,Unemployed,23360,3275,Good,5,Defaulted,437,0
60,25338,Employed,21135,32147,Good,3,Delayed,801,1
30,96431,Employed,28351,20039,Good,2,On-Time,511,1
63,37254,Employed,33499,27116,Good,5,Defaulted,426,0
64,76860,Self-Employed,26554,14619,Good,3,On-Time,701,1
49,36344,Employed,22604,25659,Poor,1,Delayed,709,0
33,26750,Self-Employed,19923,10795,Good,3,Delayed,563,0
32,79756,Employed,11547,25185,Fair,1,On-Time,787,1
51,92957,Employed,36002,25979,Good,5,On-Time,529,1
66,130423,Employed,17562,34129,Good,6,On-Time,392,1
22,83053,Employed,10480,17533,Good,5,On-Time,628,1
55,95855,Employed,29672,15908,Poor,4,On-Time,505,0
43,40896,Unemployed,7213,17920,Good,4,On-Time,572,1
37,80761,Unemployed,13293,16851,Good,4,On-Time,332,0
46,87552,Unemployed,37441,4631,Good,5,On-Time,618,1
28,102454,Self-Employed,5100,11849,Good,2,On-Time,395,1
49,115600,Employed,31172,12953,Good,5,On-Time,370,1
46,137153,Employed,23132,19314,Fair,6,Delayed,468,1
30,52935,Employed,21199,18763,Good,3,On-Time,441,0
46,62641,Self-Employed,39609,12658,Good,5,Delayed,530,0
54,54711,Employed,11016,16235,Fair,5,On-Time,599,1
61,95342,Employed,42779,16330,Good,1,On-Time,475,1
27,131896,Employed,40261,24426,Good,1,Delayed,557,1
24,37182,Employed,34881,3873,Good,1,On-Time,695,1
65,112833,Self-Employed,20058,10835,Fair,5,On-Time,401,1
31,81276,Self-Employed,27472,24241,Good,2,On-Time,811,1
49,44541,Employed,44346,11192,Good,3,On-Time,675,1
56,119457,Unemployed,37926,34557,Good,3,On-Time,592,1
45,107310,Employed,37832,1947,Fair,6,On-Time,363,1
41,69813,Employed,39021,20083,Good,2,On-Time,442,0
56,62198,Employed,27087,23265,Fair,2,On-Time,668,1
30,33820,Employed,15828,24406,Fair,3,On-Time,649,1
57,49070,Employed,34128,20067,Fair,4,On-Time,728,1
29,94768,Unemployed,4401,14639,Good,1,On-Time,642,1
44,36122,Employed,22643,20020,Good,1,On-Time,430,0
55,105559,Self-Employed,18193,20202,Good,3,Defaulted,408,0
55,98543,Employed,29853,26066,Good,2,On-Time,752,1
56,108441,Employed,23307,8157,Good,6,On-Time,418,1
38,66786,Employed,39982,30634,Fair,4,On-Time,465,0
59,119934,Employed,22611,10845,Good,3,Defaulted,576,0
52,124804,Employed,14950,27913,Good,1,On-Time,508,1
44,31737,Unemployed,13704,5708,Fair,5,Defaulted,559,0
43,61062,Employed,14867,33955,Fair,2,On-Time,822,1
52,79237,Employed,5745,28518,Good,5,On-Time,590,1
57,76571,Employed,6866,8580,Fair,6,Delayed,839,1
32,50510,Employed,35245,22402,Good,3,On-Time,433,0
33,44426,Employed,8818,9986,Fair,1,On-Time,658,1
43,62265,Employed,33116,21658,Fair,4,Delayed,678,0
45,42850,Employed,18493,21019,Fair,5,Defaulted,653,0
55,91150,Employed,31038,31879,Fair,4,On-Time,488,1
61,112312,Employed,23447,28878,Good,6,On-Time,658,1
50,114613,Employed,33431,14531,Good,1,Delayed,580,0
37,99910,Employed,20908,15036,Fair,5,Delayed,518,0
40,77375,Employed,32336,946,Good,6,Delayed,530,1
45,60435,Unemployed,43992,18118,Poor,4,Delayed,606,0
42,121443,Employed,7025,7087,Good,4,On-Time,791,1
33,82132,Employed,23093,31980,Good,5,Defaulted,801,0
39,103945,Employed,9155,33494,Good,1,On-Time,342,1
56,107050,Unemployed,36487,21027,Good,4,On-Time,428,0
32,120402,Employed,23963,24069,Fair,3,On-Time,615,1
61,27983,Employed,23936,11651,Fair,6,On-Time,325,0
39,122241,Self-Employed,7426,6058,Fair,5,On-Time,522,1
32,45662,Employed,26303,33454,Fair,2,Delayed,644,0
29,48510,Employed,30606,28000,Poor,2,On-Time,563,0
27,103187,Employed,31151,2532,Fair,1,On-Time,646,1
48,65998,Employed,16767,1752,Good,3,Delayed,366,1
34,81846,Unemployed,14308,6009,Fair,4,On-Time,332,0
51,119071,Self-Employed,27770,14400,Good,2,On-Time,699,1
39,31640,Employed,31572,15023,Good,1,On-Time,684,1
67,69547,Employed,44448,2381,Fair,6,Defaulted,661,0
36,79620,Employed,5204,33537,Good,3,On-Time,540,1
25,40317,Employed,30233,2130,Good,3,On-Time,392,0
55,32564,Self-Employed,24729,21289,Good,1,On-Time,365,0
32,52345,Employed,34131,23023,Good,1,On-Time,823,1
45,138824,Employed,36870,18458,Poor,4,On-Time,593,1
41,119223,Self-Employed,41011,2195,Good,1,On-Time,527,1
56,104273,Employed,42382,15321,Good,4,On-Time,443,1
43,99859,Employed,44475,3762,Good,4,Defaulted,329,0
36,105765,Employed,24607,1945,Good,5,On-Time,648,1
59,135017,Unemployed,27968,16936,Poor,3,On-Time,506,0
65,99038,Employed,36398,10449,Good,6,On-Time,379,1
62,77393,Employed,14908,24463,Good,3,On-Time,761,1
59,91081,Employed,29423,30432,Fair,3,Delayed,536,0
34,127650,Employed,12171,7401,Poor,5,On-Time,321,1
51,54430,Self-Employed,15721,33987,Fair,4,On-Time,675,1
25,100532,Self-Employed,19616,9097,Fair,4,Delayed,484,0
55,52788,Employed,41458,7355,Good,1,On-Time,410,0
43,120505,Employed,10659,19178,Good,5,On-Time,486,1
49,73543,Employed,14704,8763,Good,1,On-Time,526,1
63,38919,Employed,35793,26305,Poor,5,On-Time,601,0
31,94346,Employed,34226,26643,Good,1,On-Time,384,1
38,121122,Self-Employed,26852,12374,Good,2,On-Time,835,1
67,64974,Employed,35082,28029,Good,3,On-Time,476,1
32,132309,Employed,25794,21366,Good,3,Delayed,625,1
29,41371,Employed,44420,14579,Good,6,On-Time,714,1
30,70084,Self-Employed,16379,7743,Poor,4,On-Time,393,1
64,54629,Self-Employed,10006,30372,Good,6,On-Time,506,0
37,76184,Self-Employed,11682,9518,Fair,2,On-Time,656,1
58,86916,Employed,36840,12600,Fair,6,On-Time,559,1
27,98972,Employed,35430,20300,Good,3,Defaulted,460,0
66,87187,Self-Employed,26091,27410,Good,4,Delayed,584,1
33,37984,Employed,35983,29937,Good,2,Defaulted,458,0
60,58039,Employed,26989,11501,Good,3,Delayed,778,1
62,110431,Self-Employed,12915,20442,Fair,1,On-Time,389,1
29,108691,Self-Employed,21990,21362,Good,5,On-Time,704,1
47,83606,Employed,27734,12169,Good,2,On-Time,517,1
22,35616,Employed,17824,16416,Good,4,On-Time,524,1
25,127665,Employed,39081,11378,Poor,6,Defaulted,750,0
49,130373,Employed,14033,3485,Fair,6,On-Time,644,1
57,75072,Employed,19241,32869,Fair,2,Delayed,761,1
58,49574,Self-Employed,8939,8612,Fair,4,On-Time,607,1
39,28430,Self-Employed,38063,19431,Good,2,Delayed,545,0
28,37676,Self-Employed,37464,27840,Fair,4,Defaulted,383,0
65,35816,Employed,14185,836,Good,6,Delayed,817,1
21,57733,Self-Employed,30045,19863,Fair,3,Delayed,379,0
42,110680,Self-Employed,22167,4468,Fair,1,On-Time,716,1
37,27050,Employed,39412,34178,Good,3,Delayed,576,0
27,134996,Self-Employed,24625,16779,Fair,1,Defaulted,558,0
45,58933,Self-Employed,42188,3629,Poor,6,Delayed,357,0
65,49951,Employed,30076,6350,Good,3,On-Time,344,0
24,57413,Employed,22029,21088,Fair,3,On-Time,729,1
56,59801,Employed,25973,12449,Good,2,Delayed,780,1
26,80619,Employed,42121,9019,Fair,5,On-Time,736,1
51,57913,Employed,34433,26875,Good,6,Delayed,676,0
39,137573,Self-Employed,4932,33582,Good,4,On-Time,702,1
64,65600,Employed,4757,12237,Poor,6,On-Time,477,1
59,82775,Employed,33722,1634,Poor,4,On-Time,752,1
47,115816,Employed,40853,11438,Fair,4,On-Time,367,0
30,115093,Employed,41405,24986,Good,1,On-Time,647,1
46,137590,Employed,4116,26596,Poor,4,On-Time,752,1
39,60400,Employed,14691,6092,Good,4,On-Time,750,1
59,29494,Employed,3492,18608,Poor,2,On-Time,375,0
23,105688,Employed,30882,17770,Good,3,On-Time,587,1
65,114431,Employed,11811,28149,Good,6,Delayed,388,1
33,99691,Employed,30808,11497,Fair,6,Defaulted,768,0
48,122419,Self-Employed,27272,33989,Good,4,Delayed,576,1
40,133730,Employed,31399,9604,Good,5,Defaulted,809,1
48,68001,Self-Employed,9474,1370,Good,6,Delayed,368,0
28,92364,Employed,29956,29184,Good,4,On-Time,635,1
61,70028,Employed,16979,31457,Good,1,Delayed,732,1
59,132434,Self-Employed,31328,34385,Good,1,Delayed,753,1
21,122659,Employed,15867,30366,Good,1,On-Time,321,1
23,62573,Employed,28851,31176,Good,4,On-Time,464,0
33,25806,Employed,34279,14378,Fair,2,Delayed,685,0
48,81638,Employed,33527,28059,Good,5,On-Time,739,1
45,131506,Employed,10866,7271,Poor,4,On-Time,763,1
53,54757,Employed,18449,17026,Poor,2,On-Time,753,1
58,59636,Employed,13685,30396,Good,2,On-Time,376,0
26,105097,Employed,26544,32423,Fair,6,On-Time,497,1
64,73280,Employed,8451,13352,Fair,4,On-Time,612,1
65,49262,Self-Employed,24642,2348,Poor,4,On-Time,365,0
52,105435,Unemployed,44316,31527,Fair,2,On-Time,489,0
65,87211,Employed,42954,34985,Good,2,Delayed,590,0
67,79842,Self-Employed,41870,19956,Fair,2,Delayed,736,0
41,81979,Employed,34030,9759,Fair,6,On-Time,458,1
36,139524,Employed,33873,13909,Fair,4,Delayed,566,1
41,106470,Employed,3619,4291,Good,2,On-Time,467,1
31,63197,Self-Employed,36650,26364,Poor,1,On-Time,549,0
57,66844,Employed,28372,18388,Poor,4,On-Time,693,1
56,89754,Employed,6642,20192,Good,6,On-Time,399,1
55,126868,Employed,31001,24001,Good,1,On-Time,384,1
39,59157,Self-Employed,37064,13804,Good,3,On-Time,407,0
40,102129,Self-Employed,32290,28027,Fair,4,Delayed,407,0
38,65042,Self-Employed,17122,18574,Fair,3,Delayed,523,0
67,86665,Employed,27820,16049,Fair,2,On-Time,701,1
61,107856,Employed,5895,30463,Good,6,On-Time,795,1
34,52376,Employed,8366,26420,Fair,2,On-Time,533,1
35,134049,Employed,11711,31326,Good,6,On-Time,393,1
51,80554,Employed,22596,16561,Good,5,Delayed,380,0
21,39199,Employed,21793,29310,Fair,2,On-Time,538,0
23,106412,Unemployed,11199,23300,Poor,3,Delayed,331,0
36,75948,Self-Employed,13717,10440,Poor,6,Delayed,734,0
43,98781,Self-Employed,39191,4424,Poor,2,On-Time,351,0
31,97750,Unemployed,13211,28554,Good,4,Defaulted,479,0
32,91262,Employed,26360,10283,Good,6,On-Time,556,1
30,71600,Employed,24542,13733,Fair,6,On-Time,500,1
52,101898,Unemployed,34312,24984,Poor,2,On-Time,660,0
36,87483,Employed,39435,25568,Good,5,On-Time,777,1
28,43297,Self-Employed,31247,691,Good,2,On-Time,399,0
58,55448,Employed,25357,25574,Good,3,On-Time,792,1
32,51172,Employed,44045,5417,Fair,3,Delayed,431,0
44,67874,Employed,30691,26332,Good,6,Defaulted,611,0
48,32657,Unemployed,15424,21206,Good,6,Delayed,702,0
28,109386,Self-Employed,21852,14182,Good,2,On-Time,336,1
48,50425,Employed,25601,27262,Good,3,Delayed,812,0
56,51685,Self-Employed,21020,23883,Poor,3,On-Time,650,0
46,137855,Employed,11155,28296,Good,5,Delayed,805,1
28,49578,Employed,6583,24166,Fair,4,Delayed,725,1
48,53831,Employed,18515,26162,Fair,5,Delayed,436,0
48,32906,Employed,39777,10734,Poor,1,On-Time,434,0
57,86413,Employed,22710,9721,Good,5,Delayed,655,1
61,79028,Unemployed,27532,11910,Poor,2,On-Time,655,0
56,32287,Self-Employed,21601,15019,Fair,4,Defaulted,466,0
47,58660,Employed,7967,1551,Poor,2,On-Time,441,1
37,100758,Employed,21753,10265,Poor,1,On-Time,400,1
29,85504,Self-Employed,23022,11882,Good,4,On-Time,694,1
53,84720,Self-Employed,12135,13080,Good,6,Delayed,382,0
40,127979,Self-Employed,8722,32823,Good,3,On-Time,823,1
33,59701,Employed,30413,12439,Good,5,On-Time,768,1
48,108300,Employed,30236,30464,Good,2,Defaulted,747,1
49,135177,Employed,18514,807,Good,1,Defaulted,746,1
33,42674,Employed,40212,3859,Good,3,On-Time,740,1
66,108560,Employed,43386,30148,Good,5,On-Time,641,1
55,136543,Unemployed,23331,34519,Good,3,Delayed,485,0
26,48874,Employed,21060,27823,Good,5,Defaulted,780,0
38,68642,Employed,4196,6726,Good,6,On-Time,778,1
25,122820,Employed,15297,22189,Good,4,On-Time,508,1
67,90160,Employed,5787,31471,Good,3,On-Time,783,1
45,42602,Employed,26816,26454,Good,3,Delayed,698,0
22,128320,Employed,43695,24923,Poor,3,On-Time,321,0
30,113801,Employed,22702,30891,Good,4,On-Time,683,1
50,50931,Self-Employed,28242,14830,Good,1,On-Time,391,0
65,119377,Unemployed,5176,5391,Good,5,Defaulted,746,0
25,54192,Employed,23127,5492,Fair,6,On-Time,489,1
53,71542,Employed,44560,2461,Poor,3,On-Time,524,1
21,67520,Self-Employed,30228,12997,Poor,4,On-Time,656,1
38,89772,Employed,23208,33051,Fair,1,Delayed,791,1
52,83762,Employed,31482,11348,Good,5,On-Time,514,1
67,75106,Self-Employed,12171,13755,Good,4,Delayed,594,1
31,106121,Employed,38219,5067,Good,6,On-Time,326,1
41,50559,Employed,36396,20889,Poor,6,Defaulted,497,0
46,130595,Employed,43546,17067,Fair,5,On-Time,561,1
45,58742,Employed,6696,3858,Fair,3,On-Time,522,1
42,94669,Employed,23058,23499,Good,6,On-Time,781,1
47,105199,Self-Employed,23313,11488,Fair,1,Delayed,399,0
33,46754,Employed,22149,32021,Good,4,On-Time,736,1
53,28972,Employed,44075,6198,Good,1,Delayed,703,0
54,95831,Self-Employed,7956,1773,Good,3,Delayed,710,1
61,137217,Employed,13195,28043,Fair,1,On-Time,445,1
55,66873,Employed,20076,31849,Good,1,Defaulted,813,0
21,119661,Self-Employed,4105,11741,Poor,2,On-Time,366,0
41,131532,Employed,18417,9997,Good,1,Delayed,795,1
26,34903,Self-Employed,27729,33203,Fair,5,On-Time,783,1
48,28020,Self-Employed,33099,32454,Good,4,On-Time,442,0
37,66755,Employed,35598,8502,Good,2,Delayed,793,1
25,110956,Employed,32961,4747,Fair,4,On-Time,453,1
51,111988,Unemployed,15602,22198,Fair,4,On-Time,342,0
25,70648,Employed,12256,20238,Fair,3,On-Time,554,1
58,128537,Self-Employed,23584,11203,Poor,3,On-Time,378,1
23,34516,Employed,37681,18070,Fair,2,Delayed,483,0
43,137863,Employed,28792,12892,Good,6,On-Time,535,1
57,27396,Employed,24904,32799,Fair,3,Defaulted,502,0
57,109082,Unemployed,37540,16141,Good,3,On-Time,409,0
30,44129,Unemployed,29536,14498,Good,3,On-Time,630,0
30,26591,Employed,22164,6805,Good,4,Delayed,576,0
39,36303,Employed,15996,33226,Fair,2,On-Time,371,0
37,55561,Self-Employed,5871,19282,Fair,4,Defaulted,657,0
41,96719,Employed,25626,13221,Good,5,Delayed,490,1
34,117108,Employed,13521,12927,Fair,4,On-Time,386,1
29,124616,Employed,4132,21066,Poor,5,On-Time,619,1
66,111231,Employed,36467,2730,Good,1,On-Time,551,1
21,32314,Unemployed,17534,7011,Good,1,On-Time,387,0
65,44623,Employed,26854,26677,Fair,5,Delayed,825,0
33,92675,Employed,42065,5265,Good,5,On-Time,347,1
24,137992,Employed,10812,20854,Fair,4,On-Time,370,1
21,121826,Self-Employed,7557,24429,Good,5,On-Time,579,1
60,90082,Employed,5179,29320,Good,2,On-Time,503,1
52,108624,Employed,12065,30023,Fair,1,On-Time,342,1
54,130228,Employed,11275,6052,Fair,1,Delayed,448,0
48,58130,Self-Employed,38948,1127,Fair,6,Delayed,610,0
51,76756,Employed,23700,12489,Poor,5,Delayed,820,1
28,122624,Employed,42464,14280,Fair,3,Delayed,505,0
59,51292,Employed,30794,7089,Fair,3,On-Time,798,1
46,136785,Employed,31783,28628,Good,5,Delayed,811,1
54,111206,Employed,19998,28290,Good,2,On-Time,832,1
23,94274,Self-Employed,16869,749,Good,3,On-Time,386,1
32,27469,Employed,31152,19809,Fair,6,On-Time,786,1
21,78947,Self-Employed,23954,26401,Good,5,On-Time,604,1
64,47534,Employed,34555,24076,Fair,2,Delayed,736,0
25,88620,Self-Employed,19654,32008,Good,2,On-Time,419,1
50,73874,Employed,38236,9675,Fair,4,Delayed,508,0
50,74708,Employed,18042,25964,Poor,2,On-Time,707,1
37,99553,Unemployed,28966,16760,Good,3,On-Time,560,1
67,93344,Self-Employed,17270,30046,Poor,3,Delayed,736,0
43,74138,Employed,33908,2487,Good,5,On-Time,495,1
35,79302,Employed,18523,25605,Good,5,On-Time,706,1
57,72638,Self-Employed,22991,13448,Poor,2,On-Time,790,1
41,103249,Employed,13775,13526,Good,6,On-Time,552,1
34,130865,Self-Employed,15265,3273,Poor,1,Delayed,771,0
22,27719,Self-Employed,22459,10378,Good,4,On-Time,596,1
31,47890,Employed,19673,10877,Good,1,Defaulted,548,0
59,102236,Employed,30056,7847,Poor,2,Delayed,490,0
58,61509,Employed,9614,34276,Good,2,Delayed,532,0
54,67534,Employed,39020,4283,Poor,1,Delayed,601,0
58,127302,Employed,10415,4798,Poor,4,On-Time,360,0
54,117241,Unemployed,26155,5168,Good,1,Delayed,441,0
38,43787,Employed,19964,21171,Good,5,On-Time,546,1
50,73845,Self-Employed,40726,34984,Good,3,On-Time,613,1
35,82932,Employed,40044,33578,Good,6,Defaulted,586,0
47,117124,Employed,40544,21422,Good,5,On-Time,770,1
54,116659,Employed,35252,34528,Good,3,On-Time,768,1
58,58062,Employed,6832,20816,Good,6,On-Time,380,1
53,100713,Employed,28275,11960,Good,6,On-Time,821,1
44,112263,Employed,17901,17468,Poor,6,On-Time,466,1
35,120756,Self-Employed,41213,30766,Fair,2,On-Time,653,1
50,85461,Employed,37148,30709,Fair,6,On-Time,461,0
62,100418,Employed,25918,24500,Good,4,On-Time,363,1
37,91672,Employed,22540,14511,Fair,1,On-Time,463,1
25,59832,Employed,14580,3366,Good,4,On-Time,652,1
49,56966,Employed,41402,6398,Fair,1,Delayed,816,0
24,97545,Employed,41578,18895,Poor,5,On-Time,715,1
30,37987,Employed,27917,4506,Good,5,Delayed,374,0
37,62311,Employed,25318,34893,Fair,1,Defaulted,626,0
30,56575,Employed,13179,11456,Fair,4,Delayed,742,1
37,88852,Self-Employed,15251,31163,Poor,1,Delayed,736,0
40,26007,Employed,22493,6578,Fair,6,Defaulted,644,0
44,95981,Employed,23466,30131,Good,2,On-Time,399,1
25,101242,Employed,33206,30640,Good,5,Delayed,350,0
54,72517,Employed,22624,4461,Good,2,Delayed,431,1
26,135022,Self-Employed,29564,29777,Fair,6,On-Time,791,1
22,54257,Employed,25412,31917,Good,6,On-Time,393,0
33,112272,Employed,30990,22984,Poor,5,Defaulted,798,0
63,67207,Employed,38517,18603,Good,5,Delayed,706,0
63,38281,Employed,16156,29845,Good,6,On-Time,752,1
31,86246,Employed,26064,2087,Good,3,On-Time,731,1
67,26435,Employed,28711,21531,Fair,2,Delayed,786,0
43,123875,Self-Employed,33106,26712,Good,2,On-Time,567,1
36,125686,Employed,19589,10850,Good,3,On-Time,439,1
51,116357,Employed,26736,19316,Good,4,Delayed,386,1
31,51660,Employed,23975,20788,Good,2,On-Time,646,1
36,30084,Employed,39218,29932,Good,1,On-Time,789,1
28,107197,Employed,10214,7337,Fair,6,Delayed,812,1
24,38507,Self-Employed,33581,34717,Good,6,Delayed,605,0
60,97595,Self-Employed,23195,21384,Good,3,On-Time,631,1
24,108807,Employed,30127,5954,Fair,2,On-Time,628,1
45,70539,Self-Employed,8141,9924,Poor,4,On-Time,416,0
23,32491,Unemployed,31884,18912,Fair,2,Defaulted,432,0
52,137831,Self-Employed,27885,20642,Good,6,On-Time,775,1
23,75192,Employed,5708,9348,Poor,5,On-Time,782,1
47,105395,Self-Employed,21375,13636,Poor,1,On-Time,451,1
49,88888,Employed,18088,1089,Fair,3,Delayed,440,0
52,98609,Unemployed,13014,21408,Good,5,On-Time,516,1
39,34077,Employed,6273,7009,Fair,4,On-Time,801,1
41,45953,Employed,40306,10468,Fair,5,On-Time,358,0
25,101919,Self-Employed,33881,2962,Good,5,Delayed,831,1
38,139682,Employed,34486,9960,Good,4,On-Time,793,1
48,92889,Unemployed,15541,34283,Fair,5,On-Time,480,0
62,48821,Unemployed,11712,9775,Fair,3,On-Time,608,1
42,62567,Employed,12168,29177,Good,6,Delayed,519,1
41,49860,Employed,6551,13769,Fair,2,On-Time,822,1
26,46195,Employed,15297,906,Good,5,On-Time,567,1
21,102475,Employed,30128,7884,Good,3,On-Time,702,1
25,115874,Employed,5832,23053,Fair,2,Defaulted,537,0
61,112266,Self-Employed,31483,24866,Good,2,On-Time,406,1
32,46427,Employed,25063,17869,Good,5,Defaulted,401,0
46,125732,Employed,25963,12295,Poor,3,Delayed,381,0
66,52083,Unemployed,16422,4985,Good,6,On-Time,819,1
54,112046,Employed,35920,3118,Good,5,Delayed,361,0
34,82372,Employed,14156,30643,Poor,4,On-Time,331,0
46,69064,Self-Employed,14108,29925,Fair,2,On-Time,434,0
65,32813,Employed,34845,23173,Fair,5,On-Time,537,0
47,56598,Self-Employed,5800,10103,Poor,2,On-Time,425,1
29,137718,Unemployed,41078,5868,Good,3,Defaulted,791,0
46,118106,Self-Employed,5610,5121,Fair,1,On-Time,706,1
67,52082,Employed,15067,15219,Good,5,Delayed,545,1
42,54241,Employed,36872,29727,Fair,6,On-Time,800,1
67,121214,Employed,13728,8066,Good,5,On-Time,727,1
50,69569,Self-Employed,32566,12806,Fair,2,Delayed,776,1
63,36745,Self-Employed,32783,24542,Good,3,On-Time,340,0
37,51029,Employed,23583,15586,Good,4,Delayed,522,0
46,38025,Employed,23238,17887,Fair,6,On-Time,736,1
56,126660,Employed,10263,27542,Fair,3,On-Time,735,1
21,39288,Employed,4914,24388,Fair,5,Delayed,767,0
28,114186,Self-Employed,26749,27014,Good,4,On-Time,831,1
55,31540,Employed,22456,18823,Good,3,On-Time,404,0
35,122768,Self-Employed,28582,18519,Fair,1,Defaulted,486,0
67,106958,Self-Employed,3406,10390,Fair,6,Delayed,703,1
42,93878,Employed,16689,10783,Fair,2,Defaulted,787,1
34,66846,Employed,35934,18779,Poor,3,Delayed,391,0
46,126148,Employed,36276,23408,Fair,3,Delayed,792,1
48,100932,Employed,39432,9843,Fair,1,On-Time,577,1
43,42482,Self-Employed,22873,11137,Fair,5,On-Time,594,0
34,48411,Self-Employed,16050,29634,Poor,6,Delayed,339,0
44,75975,Self-Employed,3680,4407,Fair,6,On-Time,809,1
22,85545,Employed,21908,34075,Fair,2,On-Time,809,1
65,137302,Employed,21504,5327,Fair,3,On-Time,645,1
46,103797,Self-Employed,24644,31107,Fair,4,On-Time,408,1
34,77307,Employed,40125,14199,Good,3,Defaulted,805,0
27,28093,Employed,4363,26383,Good,2,Delayed,669,0
23,102258,Employed,38060,5813,Poor,3,On-Time,403,0
67,47042,Employed,4538,14098,Fair,1,On-Time,706,1
43,77930,Employed,39176,29307,Fair,3,Delayed,406,0
66,69413,Employed,44520,5387,Poor,3,On-Time,626,0
63,138387,Unemployed,28675,4354,Fair,4,Defaulted,473,0
67,118623,Employed,21287,15036,Good,1,On-Time,759,1
65,122883,Employed,3174,4058,Fair,1,On-Time,583,1
38,58756,Employed,29732,10272,Fair,3,On-Time,740,1
58,78268,Self-Employed,37998,34269,Good,6,Defaulted,812,0
55,64214,Employed,40055,19729,Good,4,Delayed,730,0
35,106871,Employed,15112,10173,Good,3,Delayed,492,1
45,53602,Employed,42874,28377,Good,3,On-Time,323,0
57,78331,Self-Employed,12689,32101,Good,2,Delayed,791,1
48,73901,Employed,22555,16744,Good,2,Delayed,429,0
30,124986,Self-Employed,36919,27856,Good,6,On-Time,356,1
59,88416,Self-Employed,10619,17306,Good,4,On-Time,350,1
37,57196,Employed,9033,23599,Good,5,On-Time,700,1
59,30626,Self-Employed,44328,19594,Fair,2,On-Time,587,0
42,32424,Employed,7946,11089,Poor,5,On-Time,330,0
46,37857,Self-Employed,27618,2157,Fair,1,On-Time,663,1
64,135459,Employed,37675,33264,Good,2,On-Time,485,1
45,44982,Self-Employed,39258,3664,Good,2,On-Time,661,1
37,101961,Employed,21919,28042,Good,4,On-Time,801,1
33,26980,Employed,7173,18937,Good,6,Delayed,338,0
40,73290,Employed,29400,20101,Good,5,On-Time,503,1
45,51431,Employed,7769,28930,Good,2,On-Time,329,0
24,109976,Employed,40564,6509,Good,2,On-Time,511,1
30,132288,Employed,17211,5052,Fair,4,Delayed,639,1
23,107711,Employed,26255,9917,Good,4,On-Time,794,1
61,139187,Employed,30962,3171,Good,6,Delayed,746,1
65,51385,Self-Employed,22356,7019,Fair,5,On-Time,378,1
38,63158,Employed,23306,13234,Good,1,Delayed,755,1
67,48019,Employed,7997,4222,Good,6,On-Time,416,1
56,43639,Employed,20376,5406,Fair,1,Delayed,815,1
67,110530,Employed,43880,30596,Fair,3,On-Time,597,1
42,124911,Unemployed,41055,14199,Fair,2,On-Time,584,1
54,46563,Employed,13578,21938,Good,5,On-Time,328,0
67,64341,Self-Employed,21624,34076,Good,6,On-Time,776,1
28,30776,Unemployed,42194,32747,Good,2,Defaulted,592,0
60,61444,Self-Employed,3389,28438,Good,5,Delayed,327,0
64,93916,Employed,36767,18100,Poor,5,On-Time,527,1
39,33711,Self-Employed,4855,20935,Fair,5,On-Time,442,0
62,99318,Unemployed,43893,19081,Good,2,Defaulted,352,0
61,107970,Employed,16794,14691,Fair,6,On-Time,832,1
57,137301,Employed,38531,19690,Good,4,Delayed,523,1
26,110553,Employed,7986,27886,Poor,2,Defaulted,837,0
46,55707,Employed,35298,32221,Good,5,Delayed,836,1
54,64110,Employed,4481,14204,Good,6,On-Time,762,1
65,86788,Employed,6731,2623,Good,3,On-Time,658,1
26,107879,Employed,19835,25674,Fair,1,On-Time,757,1
57,63827,Employed,30798,15086,Fair,5,Delayed,764,0
53,132188,Employed,29113,32476,Good,3,On-Time,455,1
42,30655,Employed,22477,25916,Good,4,On-Time,706,1
41,69859,Employed,20266,2314,Good,5,On-Time,344,1
26,78625,Employed,23792,13501,Good,3,On-Time,825,1
26,77098,Employed,23452,17008,Poor,5,Delayed,644,0
24,40251,Self-Employed,44334,20130,Good,2,On-Time,657,1
50,25526,Employed,14889,13880,Good,6,On-Time,414,0
31,93760,Employed,27335,12817,Fair,3,On-Time,465,1
50,72837,Self-Employed,14254,32480,Good,6,Defaulted,550,0
51,36536,Employed,24074,24299,Fair,2,On-Time,814,1
44,53541,Employed,14442,29666,Fair,2,Delayed,357,0
29,104083,Self-Employed,40327,19980,Good,6,Defaulted,744,0
23,76027,Self-Employed,19199,2109,Poor,3,On-Time,756,1
51,59531,Employed,10291,1217,Fair,6,On-Time,687,1
60,33712,Employed,43928,20445,Good,6,Defaulted,664,0
57,129101,Unemployed,3112,26092,Good,1,On-Time,479,1
56,90455,Employed,24515,28641,Good,3,On-Time,463,1
44,99744,Employed,22581,30509,Fair,1,On-Time,664,1
51,30109,Self-Employed,29500,7282,Fair,5,On-Time,588,0
26,74268,Employed,35026,27036,Fair,6,Delayed,587,0
22,125737,Employed,19523,34316,Poor,5,Delayed,488,0
40,79615,Employed,4424,26433,Fair,3,Delayed,352,0
48,107503,Self-Employed,22552,12118,Fair,6,On-Time,696,1
31,54759,Employed,13808,8807,Good,5,On-Time,533,1
24,110708,Employed,41811,27171,Good,4,On-Time,759,1
35,85112,Employed,9989,10838,Good,2,On-Time,811,1
26,127471,Employed,26620,7048,Fair,6,Delayed,712,1
50,51589,Employed,42029,21664,Good,2,On-Time,808,1
58,55015,Self-Employed,3887,28026,Good,1,Delayed,348,0
22,54009,Employed,34802,31722,Good,5,On-Time,358,0
35,108309,Employed,22488,20676,Good,1,On-Time,492,1
31,87046,Self-Employed,33013,3441,Fair,6,On-Time,336,1
28,131661,Employed,19402,6195,Good,2,On-Time,375,1
46,51143,Unemployed,24205,26053,Fair,2,On-Time,545,0
65,31154,Employed,29049,25859,Good,5,Delayed,386,0
64,46804,Employed,15253,25316,Fair,6,Delayed,516,0
25,66688,Employed,21990,8878,Good,4,Delayed,342,0
26,89288,Self-Employed,10846,2381,Good,4,Defaulted,556,0
46,76195,Employed,28027,14175,Fair,5,On-Time,457,1
24,45581,Employed,42200,5086,Good,6,On-Time,792,1
39,77648,Employed,6765,25506,Good,5,On-Time,548,1
40,55087,Employed,18950,23331,Good,6,Delayed,636,0
53,74930,Employed,12741,16959,Good,1,On-Time,520,1
40,57981,Unemployed,25742,32943,Good,5,Delayed,577,0
32,94298,Employed,27703,31095,Good,6,On-Time,799,1
67,71167,Self-Employed,41709,6377,Fair,4,Defaulted,497,0
21,100304,Employed,40623,5422,Fair,6,Defaulted,442,0
46,68408,Employed,25931,5186,Good,6,On-Time,661,1
34,64499,Employed,26580,33266,Poor,5,On-Time,490,0
58,77269,Employed,18166,14907,Good,1,On-Time,378,1
57,63559,Self-Employed,32240,32506,Fair,1,On-Time,784,1
31,139126,Unemployed,28991,31922,Fair,1,On-Time,579,0
56,99319,Employed,41556,12705,Fair,1,Delayed,692,1
33,136925,Employed,35969,21554,Good,3,On-Time,414,1
63,120317,Employed,13561,24027,Good,5,On-Time,444,1
23,121347,Unemployed,19901,18943,Good,2,Delayed,360,0
53,73787,Employed,43505,17024,Good,5,On-Time,573,1
26,60488,Employed,33020,28702,Good,3,On-Time,326,0
30,99441,Self-Employed,28917,516,Good,1,On-Time,790,1
25,99663,Employed,4988,17348,Good,3,Delayed,830,1
43,47431,Employed,17256,21355,Good,4,On-Time,388,0
30,86681,Employed,25192,18711,Fair,4,Delayed,400,0
64,88483,Self-Employed,31230,25595,Poor,5,On-Time,581,1
22,74153,Employed,42930,3343,Poor,5,On-Time,408,0
